{"prefix": {"roocs": "urn:roocs:", "provone": "http://purl.dataone.org/provone/2015/01/15/ontology#", "dcterms": "http://purl.org/dc/terms/"}, "agent": {"roocs:C3S_CDS": {"prov:type": {"$": "prov:Organization", "type": "prov:QUALIFIED_NAME"}, "prov:label": "Copernicus Climate Data Store", "dcterms:source": "https://cds.climate.copernicus.eu"}, "roocs:rook_v0.9.1": {"prov:type": {"$": "prov:SoftwareAgent", "type": "prov:QUALIFIED_NAME"}, "prov:label": "Rook", "dcterms:source": "https://github.com/roocs/rook/releases/tag/v0.9.1"}, "roocs:daops_v0.8.1": {"prov:type": {"$": "prov:SoftwareAgent", "type": "prov:QUALIFIED_NAME"}, "prov:label": "DAOPS", "dcterms:source": "https://github.com/roocs/daops/releases/tag/v0.8.1"}}, "wasAttributedTo": {"_:id1": {"prov:entity": "roocs:rook_v0.9.1", "prov:agent": "roocs:C3S_CDS"}}, "entity": {"roocs:workflow_f4337c3c-c79a-4c10-ad9a-380a3d13a32e": {"prov:type": {"$": "provone:Workflow", "type": "prov:QUALIFIED_NAME"}}, "roocs:c3s-cmip6.CMIP.MIROC.MIROC6.historical.r1i1p1f1.day.tasmax.gn.v20191016": {"prov:type": {"$": "provone:Data", "type": "prov:QUALIFIED_NAME"}, "prov:label": "c3s-cmip6.CMIP.MIROC.MIROC6.historical.r1i1p1f1.day.tasmax.gn.v20191016"}, "roocs:tasmax_day_MIROC6_historical_r1i1p1f1_gn_19940101-19940101.nc": {"prov:type": {"$": "provone:Data", "type": "prov:QUALIFIED_NAME"}, "prov:label": "tasmax_day_MIROC6_historical_r1i1p1f1_gn_19940101-19940101.nc"}}, "activity": {"roocs:orchestrate_f4337c3c-c79a-4c10-ad9a-380a3d13a32e": {"prov:type": {"$": "provone:Execution", "type": "prov:QUALIFIED_NAME"}, "prov:label": "orchestrate", "prov:startTime": "2023-01-04T11:44:10", "prov:endTime": "2023-01-04T11:44:12"}, "roocs:subset_tasmax_1_b2b438a3-056f-4484-8ea7-3f72eea6fe67": {"prov:type": {"$": "provone:Execution", "type": "prov:QUALIFIED_NAME"}, "prov:label": "subset_tasmax_1", "roocs:time": "1994/1994", "roocs:time_components": "year:1994|month:jan|day:01", "roocs:apply_fixes": false}}, "wasAssociatedWith": {"_:id2": {"prov:activity": "roocs:orchestrate_f4337c3c-c79a-4c10-ad9a-380a3d13a32e", "prov:agent": "roocs:rook_v0.9.1", "prov:plan": "roocs:workflow_f4337c3c-c79a-4c10-ad9a-380a3d13a32e"}, "_:id3": {"prov:activity": "roocs:subset_tasmax_1_b2b438a3-056f-4484-8ea7-3f72eea6fe67", "prov:agent": "roocs:daops_v0.8.1", "prov:plan": "roocs:workflow_f4337c3c-c79a-4c10-ad9a-380a3d13a32e"}}, "wasDerivedFrom": {"_:id4": {"prov:generatedEntity": "roocs:tasmax_day_MIROC6_historical_r1i1p1f1_gn_19940101-19940101.nc", "prov:usedEntity": "roocs:c3s-cmip6.CMIP.MIROC.MIROC6.historical.r1i1p1f1.day.tasmax.gn.v20191016", "prov:activity": "roocs:subset_tasmax_1_b2b438a3-056f-4484-8ea7-3f72eea6fe67"}}}