{"prefix": {"roocs": "urn:roocs:", "provone": "http://purl.dataone.org/provone/2015/01/15/ontology#", "dcterms": "http://purl.org/dc/terms/"}, "agent": {"roocs:C3S_CDS": {"prov:type": {"$": "prov:Organization", "type": "prov:QUALIFIED_NAME"}, "prov:label": "Copernicus Climate Data Store", "dcterms:source": "https://cds.climate.copernicus.eu"}, "roocs:rook_v0.9.1": {"prov:type": {"$": "prov:SoftwareAgent", "type": "prov:QUALIFIED_NAME"}, "prov:label": "Rook", "dcterms:source": "https://github.com/roocs/rook/releases/tag/v0.9.1"}, "roocs:daops_v0.8.1": {"prov:type": {"$": "prov:SoftwareAgent", "type": "prov:QUALIFIED_NAME"}, "prov:label": "DAOPS", "dcterms:source": "https://github.com/roocs/daops/releases/tag/v0.8.1"}}, "wasAttributedTo": {"_:id1": {"prov:entity": "roocs:rook_v0.9.1", "prov:agent": "roocs:C3S_CDS"}}, "entity": {"roocs:workflow_d954b371-fe65-44bc-b02a-d623c4b8914e": {"prov:type": {"$": "provone:Workflow", "type": "prov:QUALIFIED_NAME"}}, "roocs:c3s-cmip6.CMIP.MIROC.MIROC6.historical.r1i1p1f1.Amon.ta.gn.v20190311": {"prov:type": {"$": "provone:Data", "type": "prov:QUALIFIED_NAME"}, "prov:label": "c3s-cmip6.CMIP.MIROC.MIROC6.historical.r1i1p1f1.Amon.ta.gn.v20190311"}, "roocs:ta_Amon_MIROC6_historical_r1i1p1f1_gn_19580116-19591216.nc": {"prov:type": {"$": "provone:Data", "type": "prov:QUALIFIED_NAME"}, "prov:label": "ta_Amon_MIROC6_historical_r1i1p1f1_gn_19580116-19591216.nc"}}, "activity": {"roocs:orchestrate_d954b371-fe65-44bc-b02a-d623c4b8914e": {"prov:type": {"$": "provone:Execution", "type": "prov:QUALIFIED_NAME"}, "prov:label": "orchestrate", "prov:startTime": "2023-01-03T12:04:41", "prov:endTime": "2023-01-03T12:04:42"}, "roocs:subset_ta_1_71afad4f-7748-4111-af94-f3e755bc919c": {"prov:type": {"$": "provone:Execution", "type": "prov:QUALIFIED_NAME"}, "prov:label": "subset_ta_1", "roocs:time": "1958/1959", "roocs:time_components": "year:1958,1959|month:jan,feb,mar,apr,may,jun,jul,aug,sep,oct,nov,dec", "roocs:level": "50000", "roocs:apply_fixes": false}}, "wasAssociatedWith": {"_:id2": {"prov:activity": "roocs:orchestrate_d954b371-fe65-44bc-b02a-d623c4b8914e", "prov:agent": "roocs:rook_v0.9.1", "prov:plan": "roocs:workflow_d954b371-fe65-44bc-b02a-d623c4b8914e"}, "_:id3": {"prov:activity": "roocs:subset_ta_1_71afad4f-7748-4111-af94-f3e755bc919c", "prov:agent": "roocs:daops_v0.8.1", "prov:plan": "roocs:workflow_d954b371-fe65-44bc-b02a-d623c4b8914e"}}, "wasDerivedFrom": {"_:id4": {"prov:generatedEntity": "roocs:ta_Amon_MIROC6_historical_r1i1p1f1_gn_19580116-19591216.nc", "prov:usedEntity": "roocs:c3s-cmip6.CMIP.MIROC.MIROC6.historical.r1i1p1f1.Amon.ta.gn.v20190311", "prov:activity": "roocs:subset_ta_1_71afad4f-7748-4111-af94-f3e755bc919c"}}}